track,feature_set,mode,feature,mean_gain_importance,mean_split_importance,mean_gain_share,std_gain_share,rank_by_mean_gain
tuned_price_only,price_only,tuned,close_sma_5_ratio,3198.9959972699485,130.66666666666666,0.05468060251715994,0.040010411439116655,1.0
tuned_price_only,price_only,tuned,close_ema_5_ratio,2724.636355082194,117.0,0.047747747562423094,0.035647249952262816,2.0
tuned_price_only,price_only,tuned,minute_of_day_cos,2599.8983911673226,258.6666666666667,0.041023707799892534,0.003642859108855103,3.0
tuned_price_only,price_only,tuned,close_position_in_bar,2587.1067877610526,215.66666666666666,0.04244239197762623,0.013836396238224809,4.0
tuned_price_only,price_only,tuned,minute_of_day_sin,2207.3634198506675,219.33333333333334,0.0344226755547937,0.0019545816581012817,5.0
tuned_price_only,price_only,tuned,upper_wick_pct,1900.6168333689373,191.66666666666666,0.029826578520583333,0.001840013496553511,6.0
tuned_price_only,price_only,tuned,roc_5,1709.9314546585083,170.33333333333334,0.027414163610267033,0.004739227468375434,7.0
tuned_price_only,price_only,tuned,lower_wick_pct,1668.427535057068,176.0,0.025276638484834302,0.004523447603565352,8.0
tuned_price_only,price_only,tuned,log_ret_2,1650.763976097107,150.66666666666666,0.026049946109958335,0.005424236512685931,9.0
tuned_price_only,price_only,tuned,rolling_vol_200,1592.2512062390645,171.66666666666666,0.02390618449175533,0.006872949312076064,10.0
tuned_price_only,price_only,tuned,log_ret_3,1573.8025855223339,143.66666666666666,0.0248053431676831,0.0013413993729439423,11.0
tuned_price_only,price_only,tuned,rolling_vol_50,1486.1625406742096,161.66666666666666,0.0227159092962886,0.003766701581787728,12.0
tuned_price_only,price_only,tuned,log_ret_48,1481.4872265656788,159.33333333333334,0.022195379917369234,0.004638934512212725,13.0
tuned_price_only,price_only,tuned,rolling_vol_5,1462.4475928942363,159.33333333333334,0.022300937464906866,0.005501262826415627,14.0
tuned_price_only,price_only,tuned,roc_10,1440.0829655329387,148.33333333333334,0.0222472223948162,0.0016416608494167156,15.0
tuned_price_only,price_only,tuned,rolling_vol_100,1440.0089581807454,157.66666666666666,0.021139339844084466,0.007478858648899618,16.0
tuned_price_only,price_only,tuned,open_rel_prev_close,1414.273707787196,156.0,0.0210707377086649,0.005722337670155386,17.0
tuned_price_only,price_only,tuned,high_rel_prev_close,1382.7017154693604,149.0,0.021393642027106866,0.004919907167202786,18.0
tuned_price_only,price_only,tuned,log_ret_6,1362.5431639353435,138.66666666666666,0.0211142137470275,0.0018146778179915037,19.0
tuned_price_only,price_only,tuned,log_ret_24,1341.58451739947,143.33333333333334,0.020139613787227534,0.004365517643555878,20.0
tuned_volume_assisted,volume_assisted,tuned,close_sma_5_ratio,1886.198062102,68.66666666666667,0.06506132944122013,0.048003227527786144,1.0
tuned_volume_assisted,volume_assisted,tuned,close_ema_5_ratio,1678.01171652476,63.0,0.056810113464807965,0.031888235652837556,2.0
tuned_volume_assisted,volume_assisted,tuned,close_position_in_bar,1597.455810348193,126.0,0.05186188474465473,0.018203890109658095,3.0
tuned_volume_assisted,volume_assisted,tuned,volume_z20,1310.1113449732463,132.33333333333334,0.041953824037201735,0.008214729912303547,4.0
tuned_volume_assisted,volume_assisted,tuned,minute_of_day_cos,1264.811801314354,127.33333333333333,0.03905779085779725,0.0075323346139508284,5.0
tuned_volume_assisted,volume_assisted,tuned,minute_of_day_sin,997.5067602396011,108.0,0.02963160076403737,0.009710250976728948,6.0
tuned_volume_assisted,volume_assisted,tuned,log_ret_2,969.4858885208765,86.33333333333333,0.03028254501228415,0.006537882696390235,7.0
tuned_volume_assisted,volume_assisted,tuned,upper_wick_pct,955.6724181572596,98.33333333333333,0.030833538472262067,0.006671155739619024,8.0
tuned_volume_assisted,volume_assisted,tuned,log_ret_3,868.454223036766,74.0,0.026619587560196546,0.0035852648890038244,9.0
tuned_volume_assisted,volume_assisted,tuned,roc_5,799.7855663696924,79.33333333333333,0.025146267662184044,0.004614627540194908,10.0
tuned_volume_assisted,volume_assisted,tuned,rolling_vol_100,730.4325336615244,86.66666666666667,0.022152552619707527,0.00411721751644887,11.0
tuned_volume_assisted,volume_assisted,tuned,lower_wick_pct,714.1107640067736,84.66666666666667,0.021723553875823864,0.0041967562084069526,12.0
tuned_volume_assisted,volume_assisted,tuned,rolling_vol_5,706.5682937701544,80.66666666666667,0.021622596274616875,0.003065832643720616,13.0
tuned_volume_assisted,volume_assisted,tuned,close_sma_200_ratio,673.0221534570059,76.33333333333333,0.02028813305559965,0.00472670032985161,14.0
tuned_volume_assisted,volume_assisted,tuned,close_ema_200_ratio,669.4583165248235,74.66666666666667,0.020714145200086503,0.0011275811045439001,15.0
tuned_volume_assisted,volume_assisted,tuned,rolling_vol_10,632.8286848465601,72.66666666666667,0.01989564141714597,0.005498505310890693,16.0
tuned_volume_assisted,volume_assisted,tuned,close_sma_10_ratio,630.2704029083252,52.0,0.020251367262737966,0.004017324389696213,17.0
tuned_volume_assisted,volume_assisted,tuned,low_rel_prev_close,628.5514052708944,68.66666666666667,0.019543979706161636,0.0007794998571347769,18.0
tuned_volume_assisted,volume_assisted,tuned,log_ret_48,626.5933714707693,70.0,0.018758962691874336,0.005326524165196437,19.0
tuned_volume_assisted,volume_assisted,tuned,rolling_vol_200,621.9980270465215,72.66666666666667,0.019071752291267712,0.005615447203628586,20.0
vanilla_price_only,price_only,vanilla,close_ema_5_ratio,2851.1308685938525,73.66666666666667,0.06335380247314983,0.019742229790909584,1.0
vanilla_price_only,price_only,vanilla,close_sma_5_ratio,2850.153525829315,93.66666666666667,0.060718650169393505,0.010922858978839838,2.0
vanilla_price_only,price_only,vanilla,close_position_in_bar,2448.876057624817,175.0,0.0525943272142519,0.01029909447144876,3.0
vanilla_price_only,price_only,vanilla,minute_of_day_cos,2144.3931568463645,177.33333333333334,0.04493112996390356,0.0019216743131720514,4.0
vanilla_price_only,price_only,vanilla,minute_of_day_sin,1872.3940166632335,155.33333333333334,0.03886917299761803,0.0007062678974967627,5.0
vanilla_price_only,price_only,vanilla,log_ret_2,1503.0927186012268,124.33333333333333,0.031264789062236904,0.00709083231581831,6.0
vanilla_price_only,price_only,vanilla,roc_5,1367.4719093640645,119.66666666666667,0.029090507792098565,0.003519526004248148,7.0
vanilla_price_only,price_only,vanilla,log_ret_3,1245.9462229410808,102.66666666666667,0.025875229135044434,0.001300224025568166,8.0
vanilla_price_only,price_only,vanilla,lower_wick_pct,1237.9913063049314,121.0,0.025282384816090603,0.0020247593464030665,9.0
vanilla_price_only,price_only,vanilla,upper_wick_pct,1195.9530402819316,109.0,0.025028627411729367,0.002064330721530614,10.0
vanilla_price_only,price_only,vanilla,close_sma_200_ratio,1143.8413755893707,111.33333333333333,0.023632102342404437,0.0007735632077939862,11.0
vanilla_price_only,price_only,vanilla,roc_10,1109.004269997279,107.0,0.022837875608958003,0.0026105779574367174,12.0
vanilla_price_only,price_only,vanilla,rolling_vol_100,1037.168261051178,103.33333333333333,0.020842194880265466,0.0034683166610197454,13.0
vanilla_price_only,price_only,vanilla,rolling_vol_200,1010.3066228230795,101.0,0.020170403533513,0.004033441640551796,14.0
vanilla_price_only,price_only,vanilla,close_ema_200_ratio,996.4960246086121,96.0,0.0202766657591499,0.0020163481787832407,15.0
vanilla_price_only,price_only,vanilla,rsi_14,986.0548504193624,98.66666666666667,0.020125739008241234,0.002014295393070347,16.0
vanilla_price_only,price_only,vanilla,log_ret_48,970.5491795539856,94.66666666666667,0.019694721442633668,0.0029160614157066,17.0
vanilla_price_only,price_only,vanilla,rolling_vol_5,965.3749356269836,98.33333333333333,0.019817632739081766,0.0032470753768533128,18.0
vanilla_price_only,price_only,vanilla,bb_width_pct_20,958.544235865275,90.66666666666667,0.0201235860702087,0.0011068227062791692,19.0
vanilla_price_only,price_only,vanilla,rolling_vol_10,946.2086406548818,95.0,0.0198399144644293,0.0013515187202817118,20.0
vanilla_volume_assisted,volume_assisted,vanilla,close_sma_5_ratio,3012.630007902781,121.66666666666667,0.058008674565592,0.021589272176462372,1.0
vanilla_volume_assisted,volume_assisted,vanilla,close_ema_5_ratio,2938.9776755174003,99.33333333333333,0.0576121666354264,0.02294223633421715,2.0
vanilla_volume_assisted,volume_assisted,vanilla,close_position_in_bar,2711.235687414805,208.0,0.04891684458341883,0.011649039298606003,3.0
vanilla_volume_assisted,volume_assisted,vanilla,minute_of_day_cos,2467.0178043842316,222.66666666666666,0.04276146128308444,0.009133230493800451,4.0
vanilla_volume_assisted,volume_assisted,vanilla,volume_z20,2291.742371002833,222.33333333333334,0.0385435548031852,0.0038859025134030984,5.0
vanilla_volume_assisted,volume_assisted,vanilla,minute_of_day_sin,2084.5893909136453,196.33333333333334,0.0327723951518088,0.004877199234295636,6.0
vanilla_volume_assisted,volume_assisted,vanilla,log_ret_2,1774.1972852547963,147.66666666666666,0.030503337893031002,0.006897531401902396,7.0
vanilla_volume_assisted,volume_assisted,vanilla,lower_wick_pct,1693.5740052064264,176.33333333333334,0.025831143086728167,0.003372514728729592,8.0
vanilla_volume_assisted,volume_assisted,vanilla,roc_5,1672.2440872192383,159.66666666666666,0.028886467157799096,0.0044083311407126895,9.0
vanilla_volume_assisted,volume_assisted,vanilla,log_ret_3,1584.5756828784943,134.66666666666666,0.0246901646761786,0.0031031910885160265,10.0
vanilla_volume_assisted,volume_assisted,vanilla,upper_wick_pct,1563.5444535414379,154.66666666666666,0.0259021560932622,0.0015240643116920156,11.0
vanilla_volume_assisted,volume_assisted,vanilla,close_sma_200_ratio,1481.7213927110035,153.0,0.023713678104111666,0.0006536236467556797,12.0
vanilla_volume_assisted,volume_assisted,vanilla,rolling_vol_200,1475.1594333648682,152.66666666666666,0.022814178320433132,0.002226102667995871,13.0
vanilla_volume_assisted,volume_assisted,vanilla,rolling_vol_100,1416.7390154997508,148.33333333333334,0.0214844400351203,0.0030969150367322978,14.0
vanilla_volume_assisted,volume_assisted,vanilla,log_ret_48,1386.4239894549053,146.66666666666666,0.021453551816141298,0.0025428127264864584,15.0
vanilla_volume_assisted,volume_assisted,vanilla,rolling_vol_10,1326.357766310374,140.0,0.020022695835362998,0.0031156427923892636,16.0
vanilla_volume_assisted,volume_assisted,vanilla,rolling_vol_5,1293.7139995892842,140.0,0.0184620266304869,0.005735999297405615,17.0
vanilla_volume_assisted,volume_assisted,vanilla,bb_width_pct_20,1256.1726301511128,126.66666666666667,0.0197970358580405,0.002322395503008292,18.0
vanilla_volume_assisted,volume_assisted,vanilla,close_sma_100_ratio,1212.441412448883,119.66666666666667,0.019705546060991865,0.005229291034642418,19.0
vanilla_volume_assisted,volume_assisted,vanilla,log_ret_6,1201.75346382459,121.33333333333333,0.018354607749102733,0.0025220135890717827,20.0
